ID,Allocation [m3]
10,7.4829741446616715
7,52.74550472433958
15,369.95352589043455
14,140.56721514064753
20,8.078882558156451
24,198.6325696707151
28,360.87038005032707
33,444.08848731628535
1,26.288699187736924
12,3.008290999516043
5,4.010686142502795
25,33.76515658680026
9,34.58207942449425
